item_id,name,brand,kind,description,photo,audience,acquire,price_pence,price_ticks,price_coins,value_pence,stock,max_per_person,returnable,contains,level_required,slot,art_id,active,notes
I041,Sand timer (hourglass),,equipment,A glass sand timer for timed questions and games.,,all,buy,,,,,,,FALSE,,,,,TRUE,"Owner: ""add hour glass to list of items."" For sale. Size (1, 3 or 5 minutes) and price to be filled in."
I042,Custom 3D print (made to order),,service,Something printed to order on the 3D printer. Say what you want in the basket message and we quote for it.,,all,buy,,,,,,,FALSE,,,,,TRUE,"Owner: ""3d print stuff add this to items."" One made-to-order row. The price stays blank because each print is quoted in Messages."
I043,Gooey Louie (board game),Hasbro,game,"The pull-the-goo game for 2 to 4 players, ages 5+.",,all,buy,,,,,,,FALSE,,,,,TRUE,"Owner: ""gooey louis add this gae to item"". For sale. Price to be filled in."
I044,Stacking blocks game,,game,"A tower of wooden blocks: take one out, put it on top, and do not knock it over. Ages 6+.",,all,buy,,,,,,,FALSE,,,,,TRUE,"Owner: ""stack game. add this item to item list"". Named generically, not by brand. I045 is skipped on purpose: the practicals already name it for the cones."
I046,"Tape measure (5 m, pocket)",,equipment,"A pocket tape measure, 5 m, metric and imperial.",,all,buy,,,,,,,FALSE,,,,,TRUE,"Owner: ""tape measure add that to items."" For sale. I026 Tape measure (30m) is the tutors' loan kit and stays as it is."
I047,Safety goggles,,equipment,Clear safety goggles for home practicals. They fit over glasses.,,all,buy,,,,,,,FALSE,,,,,TRUE,"Owner: ""Goggles resealable packets. Chemicals add this stuff to items."" Practicals PR-HM01, HM04 and HM11 call for goggles."
I048,Resealable bags,,consumable,"Zip bags in assorted sizes for LEGO pieces, kit and practical bits.",,all,buy,,,,,,,FALSE,,,,,TRUE,"Owner: ""Resealable packets for lego and stuff"" and ""Goggles resealable packets"". One row for both notes."
I049,White vinegar,,consumable,Household white vinegar for fizzing and acid practicals.,,all,buy,,,,,,,FALSE,,,,,TRUE,Household-safe practical chemicals only.
I050,Bicarbonate of soda,,consumable,Household bicarbonate of soda for fizzing and volcano practicals.,,all,buy,,,,,,,FALSE,,,,,TRUE,Household-safe practical chemicals only.
I051,Washing-up liquid,,consumable,Washing-up liquid for foam and bubble practicals.,,all,buy,,,,,,,FALSE,,,,,TRUE,Household-safe practical chemicals only.
I052,Food colouring,,consumable,"Liquid food colouring for colour, mixing and diffusion practicals.",,all,buy,,,,,,,FALSE,,,,,TRUE,Household-safe practical chemicals only. Hydrogen peroxide is deliberately not sold to families.
I053,Tall glass bell jar (vacuum chamber) with hand pump,,equipment,"A tall glass vacuum chamber with a hand pump: boil water at room temperature, grow a marshmallow.",,all,buy,,,,,,,FALSE,,,,,TRUE,"Owner: ""add Glass chamber tall and pump to items"". One row for the chamber and pump as a set."
